{
  "Author": "kkk30",
  "Name": "Sample Plugin",
  "InternalName": "SamplePlugin",
  "AssemblyVersion": "0.0.0.1",
  "Description": "Add a reset striking dummy enmity command.",
  "ApplicableVersion": "any",
  "RepoUrl": "https://github.com/kkk30/samplePlugin",
  "Tags": [
    "striking",
    "battle",
    "train"
  ],
  "DalamudApiLevel": 9,
  "LoadRequiredState": 0,
  "LoadSync": false,
  "CanUnloadAsync": false,
  "LoadPriority": 0,
  "IconUrl": "https://i.loli.net/2021/09/25/OA6vDxaSTmfWyU3.png",
  "Punchline": "Add a reset striking dummy enmity command.",
  "AcceptsFeedback": true
}