{
  "Author": "kkk30",
  "Name": "Sample Plugin",
  "InternalName": "SamplePlugin",
  "AssemblyVersion": "0.0.0.1",
  "Description": "Scales up buffs/debuffs applied by you on Target Status frames",
  "ApplicableVersion": "any",
  "RepoUrl": "https://github.com/kkk30/SamplePlugin2",
  "DalamudApiLevel": 9,
  "LoadRequiredState": 0,
  "LoadSync": false,
  "CanUnloadAsync": false,
  "LoadPriority": 0,
  "ImageUrls": [
    "https://raw.githubusercontent.com/rgd87/BigPlayerDebuffs/master/images/image1.png"
  ],
  "IconUrl": "https://raw.githubusercontent.com/rgd87/BigPlayerDebuffs/master/images/icon.png",
  "Punchline": "Larger personal debuffs",
  "Changelog": "* v1.1.0.9\n * 6.5 Dalamud Update\n",
  "AcceptsFeedback": true
}